﻿Level,Date and Time,Source,Event ID,Task Category
Information,2/24/2023 12:53:57 PM,Microsoft-Windows-DriverFrameworks-UserMode,2101,Pnp or Power Management operation to a particular device.,"Completed a Pnp or Power operation (27, 20) for device SWD\WPDBUSENUM\_??_USBSTOR#DISK&VEN_GENERIC&PROD_FLASH_DISK&REV_8.07#B90686CB&0#{53F56307-B6BF-11D0-94F2-00A0C91EFB8B} with status 0x0."
Information,2/24/2023 12:53:57 PM,Microsoft-Windows-DriverFrameworks-UserMode,2106,Pnp or Power Management operation to a particular device.,"Received a Pnp or Power operation (27, 20) for device SWD\WPDBUSENUM\_??_USBSTOR#DISK&VEN_GENERIC&PROD_FLASH_DISK&REV_8.07#B90686CB&0#{53F56307-B6BF-11D0-94F2-00A0C91EFB8B} which was completed by the lower drivers with status 0x0"
Information,2/24/2023 12:53:57 PM,Microsoft-Windows-DriverFrameworks-UserMode,2105,Pnp or Power Management operation to a particular device.,"Forwarded a Pnp or Power operation (27, 20) for device SWD\WPDBUSENUM\_??_USBSTOR#DISK&VEN_GENERIC&PROD_FLASH_DISK&REV_8.07#B90686CB&0#{53F56307-B6BF-11D0-94F2-00A0C91EFB8B} to the lower driver with status 0xC00000BB"
Information,2/24/2023 12:53:57 PM,Microsoft-Windows-DriverFrameworks-UserMode,2100,Pnp or Power Management operation to a particular device.,"Received a Pnp or Power operation (27, 20) for device SWD\WPDBUSENUM\_??_USBSTOR#DISK&VEN_GENERIC&PROD_FLASH_DISK&REV_8.07#B90686CB&0#{53F56307-B6BF-11D0-94F2-00A0C91EFB8B}."
Information,2/24/2023 12:53:57 PM,Microsoft-Windows-DriverFrameworks-UserMode,2101,Pnp or Power Management operation to a particular device.,"Completed a Pnp or Power operation (27, 9) for device SWD\WPDBUSENUM\_??_USBSTOR#DISK&VEN_GENERIC&PROD_FLASH_DISK&REV_8.07#B90686CB&0#{53F56307-B6BF-11D0-94F2-00A0C91EFB8B} with status 0x0."
Information,2/24/2023 12:53:57 PM,Microsoft-Windows-DriverFrameworks-UserMode,2106,Pnp or Power Management operation to a particular device.,"Received a Pnp or Power operation (27, 9) for device SWD\WPDBUSENUM\_??_USBSTOR#DISK&VEN_GENERIC&PROD_FLASH_DISK&REV_8.07#B90686CB&0#{53F56307-B6BF-11D0-94F2-00A0C91EFB8B} which was completed by the lower drivers with status 0x0"
Information,2/24/2023 12:53:57 PM,Microsoft-Windows-DriverFrameworks-UserMode,2105,Pnp or Power Management operation to a particular device.,"Forwarded a Pnp or Power operation (27, 9) for device SWD\WPDBUSENUM\_??_USBSTOR#DISK&VEN_GENERIC&PROD_FLASH_DISK&REV_8.07#B90686CB&0#{53F56307-B6BF-11D0-94F2-00A0C91EFB8B} to the lower driver with status 0xC00000BB"
Information,2/24/2023 12:53:57 PM,Microsoft-Windows-DriverFrameworks-UserMode,2100,Pnp or Power Management operation to a particular device.,"Received a Pnp or Power operation (27, 9) for device SWD\WPDBUSENUM\_??_USBSTOR#DISK&VEN_GENERIC&PROD_FLASH_DISK&REV_8.07#B90686CB&0#{53F56307-B6BF-11D0-94F2-00A0C91EFB8B}."
Information,2/24/2023 12:53:57 PM,Microsoft-Windows-DriverFrameworks-UserMode,2101,Pnp or Power Management operation to a particular device.,"Completed a Pnp or Power operation (27, 0) for device SWD\WPDBUSENUM\_??_USBSTOR#DISK&VEN_GENERIC&PROD_FLASH_DISK&REV_8.07#B90686CB&0#{53F56307-B6BF-11D0-94F2-00A0C91EFB8B} with status 0x0."
Information,2/24/2023 12:53:57 PM,Microsoft-Windows-DriverFrameworks-UserMode,2106,Pnp or Power Management operation to a particular device.,"Received a Pnp or Power operation (27, 0) for device SWD\WPDBUSENUM\_??_USBSTOR#DISK&VEN_GENERIC&PROD_FLASH_DISK&REV_8.07#B90686CB&0#{53F56307-B6BF-11D0-94F2-00A0C91EFB8B} which was completed by the lower drivers with status 0x0"
Information,2/24/2023 12:53:57 PM,Microsoft-Windows-DriverFrameworks-UserMode,2105,Pnp or Power Management operation to a particular device.,"Forwarded a Pnp or Power operation (27, 0) for device SWD\WPDBUSENUM\_??_USBSTOR#DISK&VEN_GENERIC&PROD_FLASH_DISK&REV_8.07#B90686CB&0#{53F56307-B6BF-11D0-94F2-00A0C91EFB8B} to the lower driver with status 0xC00000BB"
Information,2/24/2023 12:53:57 PM,Microsoft-Windows-DriverFrameworks-UserMode,2100,Pnp or Power Management operation to a particular device.,"Received a Pnp or Power operation (27, 0) for device SWD\WPDBUSENUM\_??_USBSTOR#DISK&VEN_GENERIC&PROD_FLASH_DISK&REV_8.07#B90686CB&0#{53F56307-B6BF-11D0-94F2-00A0C91EFB8B}."
Verbose,2/24/2023 12:53:57 PM,Microsoft-Windows-DriverFrameworks-UserMode,2006,Loading drivers to control a newly discovered device.,The UMDF Host successfully loaded the driver at level 0.
Verbose,2/24/2023 12:53:57 PM,Microsoft-Windows-DriverFrameworks-UserMode,2005,Loading drivers to control a newly discovered device.,The UMDF Host Process ({643e572e-2e6c-444f-81c2-478cac65882a}) has loaded module C:\Windows\System32\WUDFx.dll while loading drivers for device SWD\WPDBUSENUM\_??_USBSTOR#DISK&VEN_GENERIC&PROD_FLASH_DISK&REV_8.07#B90686CB&0#{53F56307-B6BF-11D0-94F2-00A0C91EFB8B}.
Verbose,2/24/2023 12:53:57 PM,Microsoft-Windows-DriverFrameworks-UserMode,2005,Loading drivers to control a newly discovered device.,The UMDF Host Process ({643e572e-2e6c-444f-81c2-478cac65882a}) has loaded module C:\Windows\SYSTEM32\mfperfhelper.dll while loading drivers for device SWD\WPDBUSENUM\_??_USBSTOR#DISK&VEN_GENERIC&PROD_FLASH_DISK&REV_8.07#B90686CB&0#{53F56307-B6BF-11D0-94F2-00A0C91EFB8B}.
Verbose,2/24/2023 12:53:57 PM,Microsoft-Windows-DriverFrameworks-UserMode,2005,Loading drivers to control a newly discovered device.,The UMDF Host Process ({643e572e-2e6c-444f-81c2-478cac65882a}) has loaded module C:\Windows\SYSTEM32\WMASF.DLL while loading drivers for device SWD\WPDBUSENUM\_??_USBSTOR#DISK&VEN_GENERIC&PROD_FLASH_DISK&REV_8.07#B90686CB&0#{53F56307-B6BF-11D0-94F2-00A0C91EFB8B}.
Verbose,2/24/2023 12:53:57 PM,Microsoft-Windows-DriverFrameworks-UserMode,2005,Loading drivers to control a newly discovered device.,The UMDF Host Process ({643e572e-2e6c-444f-81c2-478cac65882a}) has loaded module C:\Windows\System32\OLEAUT32.dll while loading drivers for device SWD\WPDBUSENUM\_??_USBSTOR#DISK&VEN_GENERIC&PROD_FLASH_DISK&REV_8.07#B90686CB&0#{53F56307-B6BF-11D0-94F2-00A0C91EFB8B}.
Verbose,2/24/2023 12:53:57 PM,Microsoft-Windows-DriverFrameworks-UserMode,2005,Loading drivers to control a newly discovered device.,The UMDF Host Process ({643e572e-2e6c-444f-81c2-478cac65882a}) has loaded module C:\Windows\SYSTEM32\wmvcore.dll while loading drivers for device SWD\WPDBUSENUM\_??_USBSTOR#DISK&VEN_GENERIC&PROD_FLASH_DISK&REV_8.07#B90686CB&0#{53F56307-B6BF-11D0-94F2-00A0C91EFB8B}.
Verbose,2/24/2023 12:53:57 PM,Microsoft-Windows-DriverFrameworks-UserMode,2005,Loading drivers to control a newly discovered device.,The UMDF Host Process ({643e572e-2e6c-444f-81c2-478cac65882a}) has loaded module C:\Windows\System32\msvcp_win.dll while loading drivers for device SWD\WPDBUSENUM\_??_USBSTOR#DISK&VEN_GENERIC&PROD_FLASH_DISK&REV_8.07#B90686CB&0#{53F56307-B6BF-11D0-94F2-00A0C91EFB8B}.
Verbose,2/24/2023 12:53:57 PM,Microsoft-Windows-DriverFrameworks-UserMode,2005,Loading drivers to control a newly discovered device.,The UMDF Host Process ({643e572e-2e6c-444f-81c2-478cac65882a}) has loaded module C:\Windows\System32\gdi32full.dll while loading drivers for device SWD\WPDBUSENUM\_??_USBSTOR#DISK&VEN_GENERIC&PROD_FLASH_DISK&REV_8.07#B90686CB&0#{53F56307-B6BF-11D0-94F2-00A0C91EFB8B}.
Verbose,2/24/2023 12:53:57 PM,Microsoft-Windows-DriverFrameworks-UserMode,2005,Loading drivers to control a newly discovered device.,The UMDF Host Process ({643e572e-2e6c-444f-81c2-478cac65882a}) has loaded module C:\Windows\System32\GDI32.dll while loading drivers for device SWD\WPDBUSENUM\_??_USBSTOR#DISK&VEN_GENERIC&PROD_FLASH_DISK&REV_8.07#B90686CB&0#{53F56307-B6BF-11D0-94F2-00A0C91EFB8B}.
Verbose,2/24/2023 12:53:57 PM,Microsoft-Windows-DriverFrameworks-UserMode,2005,Loading drivers to control a newly discovered device.,The UMDF Host Process ({643e572e-2e6c-444f-81c2-478cac65882a}) has loaded module C:\Windows\System32\win32u.dll while loading drivers for device SWD\WPDBUSENUM\_??_USBSTOR#DISK&VEN_GENERIC&PROD_FLASH_DISK&REV_8.07#B90686CB&0#{53F56307-B6BF-11D0-94F2-00A0C91EFB8B}.
Verbose,2/24/2023 12:53:57 PM,Microsoft-Windows-DriverFrameworks-UserMode,2005,Loading drivers to control a newly discovered device.,The UMDF Host Process ({643e572e-2e6c-444f-81c2-478cac65882a}) has loaded module C:\Windows\System32\USER32.dll while loading drivers for device SWD\WPDBUSENUM\_??_USBSTOR#DISK&VEN_GENERIC&PROD_FLASH_DISK&REV_8.07#B90686CB&0#{53F56307-B6BF-11D0-94F2-00A0C91EFB8B}.
Verbose,2/24/2023 12:53:57 PM,Microsoft-Windows-DriverFrameworks-UserMode,2005,Loading drivers to control a newly discovered device.,The UMDF Host Process ({643e572e-2e6c-444f-81c2-478cac65882a}) has loaded module c:\windows\system32\drivers\umdf\wpdfs.dll while loading drivers for device SWD\WPDBUSENUM\_??_USBSTOR#DISK&VEN_GENERIC&PROD_FLASH_DISK&REV_8.07#B90686CB&0#{53F56307-B6BF-11D0-94F2-00A0C91EFB8B}.
Verbose,2/24/2023 12:53:57 PM,Microsoft-Windows-DriverFrameworks-UserMode,2005,Loading drivers to control a newly discovered device.,The UMDF Host Process ({643e572e-2e6c-444f-81c2-478cac65882a}) has loaded module C:\Windows\System32\WUDFx.dll while loading drivers for device NULL.
Verbose,2/24/2023 12:53:57 PM,Microsoft-Windows-DriverFrameworks-UserMode,2004,Loading drivers to control a newly discovered device.,The UMDF Host is loading driver WpdFs at level 0 for device SWD\WPDBUSENUM\_??_USBSTOR#DISK&VEN_GENERIC&PROD_FLASH_DISK&REV_8.07#B90686CB&0#{53F56307-B6BF-11D0-94F2-00A0C91EFB8B}.
Information,2/24/2023 12:53:57 PM,Microsoft-Windows-DriverFrameworks-UserMode,2010,Loading drivers to control a newly discovered device.,The UMDF Host Process ({643e572e-2e6c-444f-81c2-478cac65882a}) has successfully loaded drivers for device SWD\WPDBUSENUM\_??_USBSTOR#DISK&VEN_GENERIC&PROD_FLASH_DISK&REV_8.07#B90686CB&0#{53F56307-B6BF-11D0-94F2-00A0C91EFB8B}.
Information,2/24/2023 12:53:57 PM,Microsoft-Windows-DriverFrameworks-UserMode,2003,Loading drivers to control a newly discovered device.,The UMDF Host Process ({643e572e-2e6c-444f-81c2-478cac65882a}) has been asked to load drivers for device SWD\WPDBUSENUM\_??_USBSTOR#DISK&VEN_GENERIC&PROD_FLASH_DISK&REV_8.07#B90686CB&0#{53F56307-B6BF-11D0-94F2-00A0C91EFB8B}.
Information,2/24/2023 12:53:57 PM,Microsoft-Windows-DriverFrameworks-UserMode,1004,Creation of a new driver host process.,The host process ({643e572e-2e6c-444f-81c2-478cac65882a}) started successfully.
Information,2/24/2023 12:53:57 PM,Microsoft-Windows-DriverFrameworks-UserMode,2001,Startup of a new driver host process.,The UMDF Host Process ({643e572e-2e6c-444f-81c2-478cac65882a}) started successfully.
Information,2/24/2023 12:53:57 PM,Microsoft-Windows-DriverFrameworks-UserMode,2000,Startup of a new driver host process.,The UMDF Host Process ({643e572e-2e6c-444f-81c2-478cac65882a}) is starting up.
Information,2/24/2023 12:53:57 PM,Microsoft-Windows-DriverFrameworks-UserMode,1003,Creation of a new driver host process.,The Driver Manager service is starting a host process for device SWD.WPDBUSENUM._??_USBSTOR#DISK&VEN_GENERIC&PROD_FLASH_DISK&REV_8.07#B90686CB&0#{53F56307-B6BF-11D0-94F2-00A0C91EFB8B}.
